reel_frame_index,reel_time_s,source_frame_index,source_rgb_log_time_ns,measured_pan_deg,measured_tilt_deg
0,0.000000000,315,1789118019696035752,36.220001395,40.189997624
1,0.100061224,316,1789118019794498163,35.009999233,40.180001642
2,0.200122448,317,1789118019895992774,34.919997830,40.189997624
3,0.300183672,318,1789118019996731421,34.710000249,40.189997624
4,0.400244896,319,1789118020097053526,34.529997443,40.189997624
5,0.500306120,320,1789118020196566423,33.809999882,40.180001642
6,0.600367344,321,1789118020296836308,33.060000715,40.180001642
7,0.700428568,322,1789118020395426569,32.959999915,40.189997624
8,0.800489792,323,1789118020497015617,32.770001128,40.189997624
9,0.900551015,324,1789118020597051641,32.369997930,40.200000436
10,1.000612239,325,1789118020695590108,31.609999366,40.189997624
11,1.100673463,326,1789118020797142195,31.310000382,40.220002645
12,1.200734687,327,1789118020897146299,31.089999989,40.220002645
13,1.300795911,328,1789118020995851104,30.929999392,40.220002645
14,1.400857135,329,1789118021097052116,29.979998626,40.200000436
15,1.500918359,330,1789118021196772271,28.569999987,40.220002645
16,1.600979583,331,1789118021296455521,27.680000725,40.200000436
17,1.701040807,332,1789118021396960315,26.739999355,40.229998626
18,1.801102031,333,1789118021497435328,25.829999592,40.189997624
19,1.901163255,334,1789118021597380134,24.430000350,40.220002645
20,2.001224479,335,1789118021698896289,23.670000078,40.200000436
21,2.101285703,336,1789118021797196431,22.389998722,40.220002645
22,2.201346927,337,1789118021898471286,21.499999460,40.189997624
23,2.301408151,338,1789118021997157139,20.450001309,40.220002645
24,2.401469375,339,1789118022097318705,20.090000821,40.200000436
25,2.501530598,340,1789118022197320030,19.299998943,40.220002645
26,2.601591822,341,1789118022298012169,18.719999770,40.200000436
27,2.701653046,342,1789118022397135120,18.590000779,40.220002645
28,2.801714270,343,1789118022498699837,18.329999383,40.220002645
29,2.901775494,344,1789118022596626443,18.099999593,40.180001642
30,3.001836718,345,1789118022696577236,17.899999701,40.180001642
31,3.101897942,346,1789118022796166431,16.999999335,40.169998830
32,3.201959166,347,1789118022896844608,15.930000682,40.180001642
33,3.302020390,348,1789118022996888903,14.850000926,40.169998830
34,3.402081614,349,1789118023097093926,13.739999563,40.180001642
35,3.502142838,350,1789118023197134121,12.720000456,40.169998830
36,3.602204062,351,1789118023297480769,12.049999880,40.169998830
37,3.702265286,352,1789118023397136322,11.260000564,40.180001642
38,3.802326510,353,1789118023496321920,9.729999770,40.189997624
39,3.902387734,354,1789118023597900851,8.820000006,40.189997624
40,4.002448958,355,1789118023697446148,8.149999430,40.189997624
41,4.102510182,356,1789118023797321134,7.980000290,40.189997624
42,4.202571405,357,1789118023898135784,7.360000114,40.180001642
43,4.302632629,358,1789118023997840390,6.800000161,40.189997624
44,4.402693853,359,1789118024099332413,6.590000018,40.200000436
45,4.502755077,360,1789118024199528072,6.349999977,40.180001642
46,4.602816301,361,1789118024297929617,6.130000011,40.180001642
47,4.702877525,362,1789118024398210950,5.910000045,40.189997624
48,4.802938749,363,1789118024498063312,5.099999800,40.189997624
49,4.902999973,364,1789118024598064881,3.910000274,40.189997624
50,5.003061197,365,1789118024698071666,3.089999992,40.189997624
51,5.103122421,366,1789118024797410504,1.599999988,40.180001642
52,5.203183645,367,1789118024897957169,0.670000043,40.189997624
53,5.303244869,368,1789118024998077420,-0.399999997,40.189997624
54,5.403306093,369,1789118025098433800,-1.389999952,40.189997624
55,5.503367317,370,1789118025198131200,-2.390000158,40.189997624
56,5.603428541,371,1789118025298439040,-3.210000012,40.189997624
57,5.703489765,372,1789118025398437181,-4.260000084,40.180001642
58,5.803550988,373,1789118025498657960,-5.269999794,40.189997624
59,5.903612212,374,1789118025598652479,-6.489999646,40.189997624
60,6.003673436,375,1789118025700264782,-7.440000412,40.200000436
61,6.103734660,376,1789118025798405109,-8.399999721,40.189997624
62,6.203795884,377,1789118025901023760,-9.390000637,40.189997624
63,6.303857108,378,1789118026001876467,-10.419999994,40.189997624
64,6.403918332,379,1789118026101598242,-11.270000814,40.180001642
65,6.503979556,380,1789118026200044935,-12.279999670,40.189997624
66,6.604040780,381,1789118026301658688,-13.130000491,40.200000436
67,6.704102004,382,1789118026401538981,-14.569999028,40.220002645
68,6.804163228,383,1789118026502056789,-15.299999401,40.189997624
69,6.904224452,384,1789118026601945830,-16.379999158,40.200000436
70,7.004285676,385,1789118026702297206,-17.339999321,40.200000436
71,7.104346900,386,1789118026801324636,-18.129999491,40.220002645
72,7.204408124,387,1789118026900728154,-18.400000284,40.220002645
73,7.304469348,388,1789118027000804705,-19.020000461,40.200000436
74,7.404530571,389,1789118027100776673,-19.679999933,40.220002645
75,7.504591795,390,1789118027200896122,-19.870000428,40.200000436
76,7.604653019,391,1789118027300994427,-20.010000523,40.200000436
77,7.704714243,392,1789118027402533742,-20.249999710,40.200000436
78,7.804775467,393,1789118027502427428,-20.479999500,40.180001642
79,7.904836691,394,1789118027601317426,-20.459998998,40.169998830
80,8.004897915,395,1789118027702701065,-20.459998998,40.180001642
81,8.104959139,396,1789118027802206375,-20.500000001,40.169998830
82,8.205020363,397,1789118027901700554,-21.700001059,40.180001642
83,8.305081587,398,1789118028001523633,-21.889999846,40.180001642
84,8.405142811,399,1789118028107066140,-22.059999840,40.180001642
85,8.505204035,400,1789118028201747167,-22.299999027,40.169998830
86,8.605265259,401,1789118028300288739,-23.430000891,40.169998830
87,8.705326483,402,1789118028399522324,-24.299999652,40.180001642
88,8.805387707,403,1789118028503925785,-25.330000716,40.189997624
89,8.905448931,404,1789118028602954782,-26.399999369,40.200000436
90,9.005510155,405,1789118028701994097,-27.379998326,40.200000436
91,9.105571378,406,1789118028801585984,-27.760001023,40.200000436
92,9.205632602,407,1789118028902529215,-27.940000413,40.180001642
93,9.305693826,408,1789118029002109949,-28.120001511,40.189997624
94,9.405755050,409,1789118029103535172,-28.310000298,40.200000436
95,9.505816274,410,1789118029202795334,-28.420000495,40.169998830
96,9.605877498,411,1789118029303845867,-28.389998889,40.180001642
97,9.705938722,412,1789118029402879620,-28.409999390,40.189997624
98,9.805999946,413,1789118029503202039,-28.389998889,40.180001642
99,9.906061170,414,1789118029602443391,-28.409999390,40.169998830
100,10.006122394,415,1789118029702051304,-28.379999492,40.189997624
101,10.106183618,416,1789118029801869345,-28.379999492,40.189997624
102,10.206244842,417,1789118029903943818,-28.379999492,40.169998830
103,10.306306066,418,1789118030003812843,-28.389998889,40.189997624
104,10.406367290,419,1789118030103453503,-28.389998889,40.189997624
105,10.506428514,535,1789118041708271992,-28.389998889,40.169998830
106,10.606489738,536,1789118041808225527,-28.389998889,40.189997624
107,10.706550961,537,1789118041908655932,-28.379999492,40.200000436
108,10.806612185,538,1789118042008667217,-28.389998889,40.180001642
109,10.906673409,539,1789118042108562134,-28.389998889,40.169998830
110,11.006734633,540,1789118042208600925,-28.379999492,40.169998830
111,11.106795857,541,1789118042308904140,-28.389998889,40.180001642
112,11.206857081,542,1789118042409045869,-28.379999492,40.189997624
113,11.306918305,543,1789118042509296015,-28.379999492,40.189997624
114,11.406979529,544,1789118042608989219,-28.299999194,40.169998830
115,11.507040753,545,1789118042709923762,-27.819999112,40.189997624
116,11.607101977,546,1789118042808674927,-27.110000948,40.180001642
117,11.707163201,547,1789118042909224497,-26.929999850,40.189997624
118,11.807224425,548,1789118043009432119,-26.690000663,40.180001642
119,11.907285649,549,1789118043109169881,-25.709998291,40.180001642
120,12.007346873,550,1789118043209443868,-24.639999638,40.180001642
121,12.107408097,551,1789118043311068145,-24.370000553,40.180001642
122,12.207469321,552,1789118043411319565,-23.649999577,40.200000436
123,12.307530545,553,1789118043511465322,-22.999999502,40.189997624
124,12.407591768,554,1789118043611034114,-22.850000010,40.200000436
125,12.507652992,555,1789118043709600477,-22.590000321,40.200000436
126,12.607714216,556,1789118043809165252,-22.399999826,40.180001642
127,12.707775440,557,1789118043909940978,-21.729999250,40.189997624
128,12.807836664,558,1789118044009695942,-21.009999981,40.180001642
129,12.907897888,559,1789118044109712270,-19.480000041,40.169998830
130,13.007959112,560,1789118044210022994,-18.639999471,40.180001642
131,13.108020336,561,1789118044309832148,-17.739999105,40.180001642
132,13.208081560,562,1789118044410464642,-16.819999944,40.169998830
133,13.308142784,563,1789118044510214972,-15.869999178,40.180001642
134,13.408204008,564,1789118044610424290,-14.499999834,40.180001642
135,13.508265232,565,1789118044711980841,-13.680000620,40.200000436
136,13.608326456,566,1789118044810786251,-12.869999948,40.200000436
137,13.708387680,567,1789118044910668308,-11.439999954,40.180001642
138,13.808448904,568,1789118045010822965,-10.649999784,40.189997624
139,13.908510128,569,1789118045110410623,-9.659999722,40.180001642
140,14.008571351,570,1789118045210606199,-8.640000616,40.180001642
141,14.108632575,571,1789118045310704962,-7.940000141,40.189997624
142,14.208693799,572,1789118045410701433,-7.800000046,40.189997624
143,14.308755023,573,1789118045510860184,-7.230000269,40.189997624
144,14.408816247,574,1789118045610662550,-6.489999646,40.189997624
145,14.508877471,575,1789118045710892288,-6.429999849,40.189997624
146,14.608938695,576,1789118045810588135,-5.219999821,40.189997624
147,14.708999919,577,1789118045910952981,-4.999999855,40.180001642
148,14.809061143,578,1789118046011241749,-4.040000118,40.189997624
149,14.909122367,579,1789118046111482314,-3.800000077,40.200000436
150,15.009183591,580,1789118046211298263,-3.029999982,40.180001642
151,15.109244815,581,1789118046311363498,-2.400000195,40.200000436
152,15.209306039,582,1789118046412712254,-1.900000039,40.200000436
153,15.309367263,583,1789118046512104801,-1.159999948,40.189997624
154,15.409428487,584,1789118046613190678,-0.899999940,40.189997624
155,15.509489711,585,1789118046712289930,-0.270000019,40.180001642
156,15.609550934,586,1789118046811963345,0.300000024,40.189997624
157,15.709612158,587,1789118046912429210,0.490000012,40.189997624
158,15.809673382,588,1789118047013275994,0.790000010,40.189997624
159,15.909734606,589,1789118047112659252,1.570000089,40.189997624
160,16.009795830,590,1789118047212591881,2.029999883,40.189997624
161,16.109857054,591,1789118047312422458,2.229999988,40.189997624
162,16.209918278,592,1789118047412560027,2.359999832,40.189997624
163,16.309979502,593,1789118047512504075,2.650000060,40.189997624
164,16.410040726,594,1789118047611785735,2.710000070,40.180001642
165,16.510101950,595,1789118047711863483,2.630000198,40.180001642
166,16.610163174,596,1789118047811737843,1.950000012,40.169998830
167,16.710224398,597,1789118047912060008,1.380000021,40.169998830
168,16.810285622,598,1789118048011971573,1.210000028,40.180001642
169,16.910346846,599,1789118048112199185,1.029999997,40.180001642
170,17.010408070,600,1789118048212151860,0.899999940,40.180001642
171,17.110469294,601,1789118048312407583,0.709999978,40.180001642
172,17.210530518,602,1789118048412296506,0.709999978,40.169998830
173,17.310591741,603,1789118048512573781,0.699999995,40.200000436
174,17.410652965,604,1789118048613832847,0.709999978,40.189997624
175,17.510714189,605,1789118048714313142,0.720000016,40.180001642
176,17.610775413,606,1789118048813757074,0.709999978,40.180001642
177,17.710836637,607,1789118048912678842,0.720000016,40.189997624
178,17.810897861,608,1789118049012557276,0.720000016,40.189997624
179,17.910959085,609,1789118049114377577,0.709999978,40.180001642
180,18.011020309,610,1789118049214342313,0.720000016,40.180001642
181,18.111081533,611,1789118049313436117,0.699999995,40.189997624
182,18.211142757,612,1789118049414135237,0.709999978,40.189997624
183,18.311203981,613,1789118049513167390,0.709999978,40.200000436
184,18.411265205,614,1789118049613113733,0.720000016,40.180001642
185,18.511326429,615,1789118049714557431,0.709999978,40.180001642
186,18.611387653,616,1789118049813235093,0.709999978,40.180001642
187,18.711448877,617,1789118049913815991,0.709999978,40.180001642
188,18.811510101,618,1789118050013407685,0.709999978,40.180001642
189,18.911571324,619,1789118050113242896,0.720000016,40.180001642
190,19.011632548,620,1789118050213245368,0.720000016,40.169998830
191,19.111693772,621,1789118050313207301,0.720000016,40.169998830
192,19.211754996,622,1789118050413661020,0.720000016,40.180001642
193,19.311816220,623,1789118050514380878,0.720000016,40.180001642
194,19.411877444,624,1789118050612740273,0.709999978,40.189997624
195,19.511938668,625,1789118050713189801,0.720000016,40.180001642
196,19.611999892,626,1789118050813508432,0.720000016,40.169998830
197,19.712061116,627,1789118050914238576,0.730000000,40.169998830
198,19.812122340,628,1789118051013882875,0.699999995,40.189997624
199,19.912183564,629,1789118051113771106,0.709999978,40.180001642
200,20.012244788,630,1789118051213694418,0.720000016,40.169998830
201,20.112306012,631,1789118051312924677,0.709999978,40.189997624
202,20.212367236,632,1789118051414388286,0.720000016,40.169998830
203,20.312428460,633,1789118051514233751,0.730000000,40.180001642
204,20.412489684,634,1789118051614522696,0.709999978,40.189997624
205,20.512550908,635,1789118051715385160,0.720000016,40.200000436
206,20.612612131,636,1789118051814905374,0.709999978,40.180001642
207,20.712673355,637,1789118051915901961,0.709999978,40.180001642
208,20.812734579,638,1789118052014760467,0.720000016,40.180001642
209,20.912795803,639,1789118052115339725,0.699999995,40.189997624
210,21.012857027,640,1789118052215296530,0.720000016,40.180001642
211,21.112918251,641,1789118052316402609,0.709999978,40.180001642
212,21.212979475,642,1789118052415011734,0.709999978,40.180001642
213,21.313040699,643,1789118052515542443,0.720000016,40.180001642
214,21.413101923,644,1789118052615262122,0.709999978,40.180001642
215,21.513163147,645,1789118052714224304,0.720000016,40.180001642
216,21.613224371,646,1789118052814747655,0.720000016,40.169998830
217,21.713285595,647,1789118052916744559,0.709999978,40.169998830
218,21.813346819,648,1789118053015949658,0.709999978,40.169998830
219,21.913408043,649,1789118053116115917,0.720000016,40.180001642
220,22.013469267,650,1789118053215542477,0.730000000,40.180001642
221,22.113530491,651,1789118053316356296,0.709999978,40.189997624
222,22.213591714,652,1789118053415625706,0.709999978,40.180001642
223,22.313652938,653,1789118053518013830,0.720000016,40.180001642
224,22.413714162,654,1789118053618085010,0.709999978,40.169998830
225,22.513775386,655,1789118053718242668,0.709999978,40.189997624
226,22.613836610,656,1789118053818273909,0.709999978,40.189997624
227,22.713897834,657,1789118053916173916,0.720000016,40.180001642
228,22.813959058,658,1789118054016419034,0.709999978,40.189997624
229,22.914020282,659,1789118054116044510,0.720000016,40.169998830
230,23.014081506,660,1789118054216035447,0.709999978,40.180001642
231,23.114142730,661,1789118054316234906,0.720000016,40.180001642
232,23.214203954,662,1789118054416166795,0.720000016,40.180001642
233,23.314265178,663,1789118054516033210,0.720000016,40.169998830
234,23.414326402,664,1789118054616115822,0.709999978,40.180001642
235,23.514387626,665,1789118054716217220,0.720000016,40.169998830
236,23.614448850,666,1789118054816229373,0.730000000,40.189997624
237,23.714510074,667,1789118054918255452,0.720000016,40.189997624
238,23.814571297,668,1789118055017777254,0.709999978,40.180001642
239,23.914632521,669,1789118055116656886,0.709999978,40.180001642
240,24.014693745,670,1789118055216524628,0.739999984,40.180001642
241,24.114754969,671,1789118055316794866,0.720000016,40.169998830
242,24.214816193,672,1789118055416672389,0.709999978,40.169998830
243,24.314877417,673,1789118055516943469,0.709999978,40.169998830
244,24.414938641,674,1789118055617175491,0.709999978,40.180001642
